;Informazioni_cronologiche;Participation;Education;Occupation;Programming_experience;Programming_languages;Open_source_projects;Industrial_projects;Survey_collocation;Code_readability_in_writing_code;Impact_of_the_change_on_code_readability;Changes_to_improve_code_readability;Frequence_of_a_big_change_in_code_readability;Additional_comments
1;2019/07/22 6:30:29 PM EET;Yes;Master's Degree;Phd student;3;"Java;Python;R";0;None;I was personally invited;5;5;5;For more than 50% and less than 75% of the changes;I appreciate the attention I give to code readability when I check out old code and I can still understand what it does. In my opinion, a good naming for a method and a clear (sometimes redundant) writing help in maintaining software.
2;2019/07/22 6:31:56 PM EET;Yes;Bachelor's Degree;"Working in industry;Open-source contributor";4;"Java;JavaScript/TypeScript;PHP";3;6;I was personally invited;3;4;4;For less than 25% of the changes;
3;2019/07/22 6:33:50 PM EET;Yes;High School Degree;Working in industry;2;JavaScript/TypeScript;0;3;I was personally invited;4;4;4;For less than 25% of the changes;
4;2019/07/22 6:35:14 PM EET;Yes;PhD;Student;3;"Python;Bash, Matlab";1;3;I was personally invited;4;4;4;For more than 50% and less than 75% of the changes;
5;2019/07/22 6:44:50 PM EET;Yes;Bachelor's Degree;Student;4;"JavaScript/TypeScript;PHP";1;2;I was personally invited;1;3;4;For less than 25% of the changes;
6;2019/07/22 6:46:41 PM EET;Yes;Master's Degree;Student;3;Java;0;None;I was personally invited;5;5;5;For more than 50% and less than 75% of the changes;
7;2019/07/22 6:53:14 PM EET;Yes;PhD;Working in academia;4;"C;Java;Python";9;2;I was personally invited;5;3;3;For less than 25% of the changes;
8;2019/07/22 7:01:39 PM EET;Yes;Master's Degree;Student;3;"C#;Java;Python";5;More than 10 projects;I read the invite on Twitter;4;4;3;For less than 25% of the changes;
9;2019/07/22 7:12:00 PM EET;Yes;High School Degree;Student;3;"C;JavaScript/TypeScript;PHP";2;None;I was personally invited;4;5;3;For more than 50% and less than 75% of the changes;
10;2019/07/22 7:39:50 PM EET;Yes;Bachelor's Degree;Student;4;"C;Java;PHP";0;None;I was personally invited;3;3;4;For less than 25% of the changes;
11;2019/07/22 7:41:27 PM EET;Yes;Master's Degree;Student;3;Java;1;None;I was personally invited;4;2;3;For more than 50% and less than 75% of the changes;
12;2019/07/22 7:46:03 PM EET;Yes;High School Degree;Student;2;"Java;Python";0;2;I read the invite on Reddit;3;4;3;For less than 25% of the changes;
13;2019/07/22 7:53:23 PM EET;Yes;PhD;Working in academia;3;"C++;Java;PHP";2;3;I was personally invited;3;3;3;For more than 25% and less than 50% of the changes;
14;2019/07/22 8:03:18 PM EET;Yes;Bachelor's Degree;Working in industry;3;"C#;JavaScript/TypeScript";0;1;I read the invite on Reddit;4;3;5;For less than 25% of the changes;
15;2019/07/22 8:19:52 PM EET;Yes;Bachelor's Degree;"Working in industry;Open-source contributor";4;"C;C++;Python";2;8;I read the invite on Reddit;5;5;5;For more than 25% and less than 50% of the changes;
16;2019/07/22 8:43:21 PM EET;Yes;Master's Degree;Working in industry;2;"C;C++;Java";0;2;I was personally invited;4;3;2;For more than 25% and less than 50% of the changes;
17;2019/07/22 9:08:23 PM EET;Yes;High School Degree;Working in industry;3;"C++;C#;Powershell";0;10;I read the invite on Reddit;4;4;3;For less than 25% of the changes;
18;2019/07/22 10:09:15 PM EET;Yes;Bachelor's Degree;"Working in industry;Open-source contributor";2;"C#;Java;Python";2;4;I read the invite on Reddit;4;2;5;For more than 25% and less than 50% of the changes;
19;2019/07/22 10:10:00 PM EET;Yes;Bachelor's Degree;Student;3;"C;Java;JavaScript/TypeScript";0;None;I was personally invited;4;4;2;For less than 25% of the changes;
20;2019/07/22 10:14:58 PM EET;Yes;Master's Degree;Working in industry;4;"Java;Python";0;8;I read the invite on Reddit;5;4;4;For more than 50% and less than 75% of the changes;
21;2019/07/22 10:28:20 PM EET;Yes;Master's Degree;"Working in industry;Open-source contributor";2;"C++;JavaScript/TypeScript;Python";1;2;I read the invite on Reddit;4;4;2;For less than 25% of the changes;
22;2019/07/22 10:34:37 PM EET;Yes;Master's Degree;Working in industry;2;JavaScript/TypeScript;0;10;I read the invite on Reddit;3;3;4;For less than 25% of the changes;
23;2019/07/22 11:19:41 PM EET;Yes;Bachelor's Degree;Working in industry;2;"Java;Python;Scala";0;5;I read the invite on Reddit;4;4;4;For less than 25% of the changes;
24;2019/07/22 11:44:06 PM EET;Yes;Master's Degree;"Student;Working in industry";3;"Java;JavaScript/TypeScript";0;3;I read the invite on Reddit;5;5;4;For more than 75% of the changes;
25;2019/07/22 11:47:30 PM EET;Yes;Master's Degree;Student;3;Python;0;None;I was personally invited;4;4;4;For less than 25% of the changes;
26;2019/07/22 11:48:38 PM EET;Yes;Bachelor's Degree;Working in industry;3;"Java;JavaScript/TypeScript";0;1;I was personally invited;5;4;4;For more than 25% and less than 50% of the changes;
27;2019/07/22 11:54:09 PM EET;Yes;Bachelor's Degree;Working in industry;4;"Java;JavaScript/TypeScript;PHP";5;More than 10 projects;I was personally invited;5;5;5;For more than 50% and less than 75% of the changes;
28;2019/07/22 11:56:48 PM EET;Yes;High School Degree;Working in industry;3;"C++;Python";0;7;I read the invite on Reddit;5;5;4;For less than 25% of the changes;
29;2019/07/23 12:32:56 AM EET;Yes;High School Degree;Working in industry;5;"JavaScript/TypeScript;PHP";2;More than 10 projects;I was personally invited;4;4;3;For less than 25% of the changes;
30;2019/07/23 1:56:24 AM EET;Yes;PhD;"Working in industry;Working in academia";5;"Java;Python";0;7;I read the invite on Twitter;5;5;4;For more than 50% and less than 75% of the changes;
31;2019/07/23 2:23:18 AM EET;Yes;Bachelor's Degree;Working in industry;2;Dart/Flutter;0;1;I read the invite on Reddit;3;4;3;Never;
32;2019/07/23 3:26:12 AM EET;Yes;Bachelor's Degree;Working in industry;4;"C++;Java;Python";0;More than 10 projects;I read the invite on Reddit;5;5;4;For more than 25% and less than 50% of the changes;
33;2019/07/23 5:04:16 AM EET;Yes;Bachelor's Degree;Student;3;"Java;PHP;Swift";0;None;I read the invite on Reddit;5;3;5;For more than 25% and less than 50% of the changes;
34;2019/07/23 8:23:18 AM EET;Yes;Bachelor's Degree;"Student;Working in industry";4;"Java;Groovy";0;5;I read the invite on Reddit;5;4;4;For more than 25% and less than 50% of the changes;
35;2019/07/23 8:32:20 AM EET;Yes;Bachelor's Degree;Working in industry;3;"C#;JavaScript/TypeScript";1;6;I read the invite on Reddit;5;3;2;For more than 25% and less than 50% of the changes;
36;2019/07/23 10:00:30 AM EET;Yes;Master's Degree;Working in industry;4;"C++;C#;Java";0;More than 10 projects;I read the invite on Twitter;4;5;4;For less than 25% of the changes;
37;2019/07/23 10:16:06 AM EET;Yes;Master's Degree;"Student;Working in academia;Open-source contributor";3;"Java;PHP";6;1;I read the invite on Twitter;4;4;4;For less than 25% of the changes;
38;2019/07/23 10:31:12 AM EET;Yes;Master's Degree;Student;4;"C;Java;Python";1;3;I was personally invited;3;4;3;For less than 25% of the changes;
39;2019/07/23 10:48:31 AM EET;Yes;Master's Degree;Student;3;"Java;JavaScript/TypeScript";2;1;I was personally invited;4;4;4;For less than 25% of the changes;
40;2019/07/23 10:59:07 AM EET;Yes;High School Degree;Student;3;"Java;JavaScript/TypeScript;Kotlin";0;2;I read the invite on Reddit;5;5;4;For less than 25% of the changes;
41;2019/07/23 11:08:13 AM EET;Yes;PhD;Working in industry;4;"C++;Python";7;More than 10 projects;I was personally invited;5;4;3;For less than 25% of the changes;
42;2019/07/23 11:10:25 AM EET;Yes;Master's Degree;"Student;Working in industry;Working in academia;Open-source contributor";4;"C++;Python";4;2;I read the invite on Twitter;4;5;3;For more than 50% and less than 75% of the changes;Interested in results, please send: szalayrichard@inf.elte.hu
43;2019/07/23 11:12:37 AM EET;Yes;Master's Degree;Student;4;"Java;JavaScript/TypeScript;PHP";0;None;I was personally invited;3;4;2;Never;
44;2019/07/23 1:28:54 PM EET;Yes;Master's Degree;Working in industry;4;"Java;JavaScript/TypeScript;PHP";0;2;I read the invite on Reddit;5;5;5;For less than 25% of the changes;
45;2019/07/23 1:57:01 PM EET;Yes;Master's Degree;Student;5;"Java;JavaScript/TypeScript;PHP";More than 10 projects;3;I was personally invited;4;4;4;For more than 50% and less than 75% of the changes;
46;2019/07/23 2:11:38 PM EET;Yes;Master's Degree;Working in academia;4;"Java;Python";0;2;I was personally invited;4;3;3;For less than 25% of the changes;
47;2019/07/23 2:22:03 PM EET;Yes;Master's Degree;Student;4;"PHP;Python;R, MATLAB";1;More than 10 projects;I was personally invited;5;3;5;For more than 50% and less than 75% of the changes;
48;2019/07/23 2:44:56 PM EET;Yes;Master's Degree;Student;3;Python;0;None;I was personally invited;2;2;2;For more than 25% and less than 50% of the changes;
49;2019/07/23 2:47:07 PM EET;Yes;PhD;Working in academia;5;"C++;Python";0;3;I was personally invited;5;5;3;For more than 50% and less than 75% of the changes;
50;2019/07/23 2:49:06 PM EET;Yes;PhD;Working in academia;3;Python;0;None;I was personally invited;2;2;2;For less than 25% of the changes;
51;2019/07/23 2:49:56 PM EET;Yes;Master's Degree;Working in academia;3;"Java;Python;R";0;None;I was personally invited;3;3;3;For more than 50% and less than 75% of the changes;
52;2019/07/23 3:14:39 PM EET;Yes;Master's Degree;Student;3;"C++;Python;R";1;None;I was personally invited;3;2;2;For less than 25% of the changes;
53;2019/07/23 3:16:27 PM EET;Yes;Master's Degree;Working in industry;3;SQL, XLM, Batch, Linguaggi proprietari (SAP o Microsoft);0;2;I was personally invited;4;4;4;For less than 25% of the changes;
54;2019/07/23 3:36:32 PM EET;Yes;PhD;"Working in industry;Working in academia";5;"C++;Java;Smalltalk";4;3;I read the invite on Facebook;5;5;4;For more than 25% and less than 50% of the changes;
55;2019/07/23 4:03:30 PM EET;Yes;Master's Degree;"Working in industry;Working in academia";5;"C;Java;JavaScript/TypeScript";1;More than 10 projects;I was personally invited;5;5;3;For less than 25% of the changes;
56;2019/07/23 4:11:44 PM EET;Yes;PhD;Working in industry;5;"Java;Scala";4;More than 10 projects;I read the invite on Twitter;5;5;5;For less than 25% of the changes;The last question is unclear.
57;2019/07/23 4:25:28 PM EET;Yes;Master's Degree;Working in industry;3;"Java;Python";0;4;I read the invite on Facebook;5;4;4;For less than 25% of the changes;
58;2019/07/23 4:32:44 PM EET;Yes;Master's Degree;"Working in industry;Working in academia";5;"C++;PHP;Python";0;More than 10 projects;I was personally invited;3;3;3;For less than 25% of the changes;
59;2019/07/23 5:06:33 PM EET;Yes;Master's Degree;Student;3;Java;5;None;I was personally invited;4;4;4;For more than 25% and less than 50% of the changes;
60;2019/07/23 5:14:33 PM EET;Yes;PhD;Working in academia;4;"Java;Python";0;1;I was personally invited;4;4;2;For less than 25% of the changes;
61;2019/07/23 5:16:01 PM EET;Yes;Master's Degree;Working in industry;3;"C#;Java;Lasal";0;More than 10 projects;I read the invite on Facebook;4;4;4;For less than 25% of the changes;
62;2019/07/23 5:19:29 PM EET;Yes;PhD;Working in academia;4;"Java;Python";4;None;I was personally invited;3;4;3;For less than 25% of the changes;
63;2019/07/23 5:30:22 PM EET;Yes;Master's Degree;Student;2;"C;Java";0;None;I was personally invited;4;3;5;For less than 25% of the changes;
64;2019/07/23 5:31:35 PM EET;Yes;Master's Degree;Working in academia;3;"Java;Swift";6;6;I was personally invited;5;5;3;For less than 25% of the changes;
65;2019/07/23 6:04:07 PM EET;Yes;PhD;"Working in industry;Working in academia";2;"Java;Python";1;More than 10 projects;I read the invite on Facebook;5;4;4;For less than 25% of the changes;
66;2019/07/23 6:22:44 PM EET;Yes;Bachelor's Degree;Student;4;"Java;PHP;Python";1;None;I was personally invited;4;5;4;For more than 25% and less than 50% of the changes;
67;2019/07/23 6:24:24 PM EET;Yes;Bachelor's Degree;"Student;Working in industry";4;"C;Python";1;2;I was personally invited;4;3;5;For more than 25% and less than 50% of the changes;
68;2019/07/23 8:32:28 PM EET;Yes;Bachelor's Degree;Student;3;"C#;Java;JavaScript/TypeScript";0;None;I read the invite on Facebook;4;4;3;For more than 25% and less than 50% of the changes;
69;2019/07/23 8:41:01 PM EET;Yes;Bachelor's Degree;Working in industry;3;"Java;PLSQL";0;5;I was personally invited;4;3;3;For more than 25% and less than 50% of the changes;
70;2019/07/23 9:19:12 PM EET;Yes;Master's Degree;"Student;Working in industry;Working in academia";5;"C++;Java;Python";5;More than 10 projects;I was personally invited;5;5;4;For less than 25% of the changes;
71;2019/07/23 10:48:34 PM EET;Yes;Master's Degree;Student;5;"PHP;Python";5;1;I was personally invited;4;4;5;For more than 50% and less than 75% of the changes;
72;2019/07/24 1:30:02 AM EET;Yes;Bachelor's Degree;Student;2;"Java;JavaScript/TypeScript;PHP";1;None;I was personally invited;3;5;4;For more than 25% and less than 50% of the changes;
73;2019/07/24 3:25:40 AM EET;Yes;High School Degree;Working in industry;4;"C#;JavaScript/TypeScript";0;More than 10 projects;I read the invite on Reddit;4;4;4;For more than 25% and less than 50% of the changes;Readability is very important as a software engineer. I would have like to answer 5 everywhere in this survey but when you work in industry and you have to finish project on time, you often has a lack of time or ressources to do it. Refactoring is very cool for me, but lot of times i have to find balance beetween perfection and productivity. Hope this will help you ! I guess you know the book Clean code. This changed my way to code..
74;2019/07/24 7:37:08 AM EET;Yes;Master's Degree;Working in industry;2;"Java;Visual Basic";0;None;I was personally invited;5;4;4;For less than 25% of the changes;
75;2019/07/24 8:24:32 AM EET;Yes;High School Degree;Student;3;"C;Java;Ocaml, F#";3;None;I was personally invited;4;4;3;For more than 50% and less than 75% of the changes;
76;2019/07/24 8:24:41 AM EET;Yes;High School Degree;Student;3;"C;Java;Ocaml, F#";3;None;I was personally invited;4;4;3;For more than 50% and less than 75% of the changes;
77;2019/07/24 9:46:18 AM EET;Yes;Master's Degree;Working in industry;3;Python;0;4;I was personally invited;4;4;4;For less than 25% of the changes;
78;2019/07/24 9:51:00 AM EET;Yes;High School Degree;"Working in industry;Open-source contributor";4;"C++;C#;Java";2;More than 10 projects;I was personally invited;5;5;5;For less than 25% of the changes;
79;2019/07/24 10:09:57 AM EET;Yes;Master's Degree;Working in industry;5;"Java;Python;ttcn-3";1;10;I was personally invited;5;5;5;For more than 50% and less than 75% of the changes;
80;2019/07/24 10:12:57 AM EET;Yes;Bachelor's Degree;Working in industry;3;"Java;JavaScript/TypeScript;PHP";0;5;I was personally invited;5;5;5;For more than 25% and less than 50% of the changes;
81;2019/07/24 10:47:18 AM EET;Yes;Master's Degree;In looking for occupation;3;"Java;JavaScript/TypeScript;Python";3;None;I was personally invited;5;4;4;For more than 75% of the changes;
82;2019/07/24 10:53:44 AM EET;Yes;Master's Degree;Working in industry;3;"C++;Java";2;More than 10 projects;I was personally invited;5;5;5;For more than 25% and less than 50% of the changes;
83;2019/07/24 11:15:33 AM EET;Yes;Master's Degree;Working in industry;3;"C;C++;Python";2;2;I was personally invited;4;4;3;For less than 25% of the changes;
84;2019/07/24 11:31:34 AM EET;Yes;PhD;Working in academia;4;"C;C++;Java";5;2;I was personally invited;5;4;5;For more than 50% and less than 75% of the changes;
85;2019/07/24 1:57:09 PM EET;Yes;Master's Degree;Working in academia;3;"C;C++";0;More than 10 projects;I read the invite on Twitter;5;5;3;For less than 25% of the changes;1. In the previous question I did not count an improvement of the readability by switching to model-driven development, where I consider (good) models more readable than the code.
86;2019/07/24 1:57:41 PM EET;Yes;PhD;"Working in academia;Open-source contributor";3;"C;Java";7;5;I read the invite on Twitter;5;5;3;For less than 25% of the changes;
87;2019/07/24 2:35:57 PM EET;Yes;Bachelor's Degree;Open-source contributor;3;"C;C++";1;1;I was personally invited;4;4;3;Never;
88;2019/07/24 4:06:42 PM EET;Yes;Bachelor's Degree;Student;3;Python;0;None;I read the invite on Facebook;4;4;4;Never;
89;2019/07/24 4:08:36 PM EET;Yes;Master's Degree;Student;4;C;0;None;I was personally invited;4;4;4;For more than 25% and less than 50% of the changes;
90;2019/07/24 8:22:39 PM EET;Yes;PhD;Working in academia;3;"Java;JavaScript/TypeScript;Python";2;None;I read the invite on Facebook;4;4;3;For less than 25% of the changes;
91;2019/07/24 8:25:08 PM EET;Yes;Master's Degree;Working in industry;3;"C;C#";0;1;I was personally invited;3;3;4;For more than 50% and less than 75% of the changes;
92;2019/07/24 11:18:53 PM EET;Yes;Laurea magistrale;Working in industry;3;"Python;Scratch";1;2;I read the invite on Facebook;4;4;4;For more than 25% and less than 50% of the changes;
93;2019/07/24 11:35:13 PM EET;Yes;Bachelor's Degree;Working in industry;3;"C#;JavaScript/TypeScript;PHP";0;None;I read the invite on Reddit;3;4;4;For less than 25% of the changes;
94;2019/07/25 10:20:19 AM EET;Yes;Master's Degree;Working in industry;1;Python;1;3;I read the invite on Facebook;4;5;2;For less than 25% of the changes;
95;2019/07/25 10:41:05 AM EET;Yes;High School Degree;Working in academia;3;"C;C++";0;None;I was personally invited;4;3;2;Never;
96;2019/07/25 10:42:31 AM EET;Yes;Bachelor's Degree;Working in industry;2;"JavaScript/TypeScript;PHP;Python";0;2;I was personally invited;4;4;5;For more than 25% and less than 50% of the changes;
97;2019/07/25 10:43:13 AM EET;Yes;Master's Degree;Student;4;Java;4;None;I was personally invited;4;5;3;For more than 75% of the changes;
98;2019/07/25 11:47:01 AM EET;Yes;Bachelor's Degree;Working in industry;4;"JavaScript/TypeScript;PHP;Python";2;2;I was personally invited;3;4;4;For more than 25% and less than 50% of the changes;
99;2019/07/25 1:43:52 PM EET;Yes;Bachelor's Degree;Working in industry;4;"Python;Swift";2;More than 10 projects;I was personally invited;5;5;5;For more than 50% and less than 75% of the changes;
100;2019/07/25 3:57:04 PM EET;Yes;Bachelor's Degree;Working in industry;4;"C;C#";0;3;I read the invite on Reddit;5;4;2;For more than 25% and less than 50% of the changes;
101;2019/07/26 12:28:36 AM EET;Yes;Master's Degree;Working in industry;3;"Go;Java;Python";1;1;I was personally invited;5;3;5;For less than 25% of the changes;
102;2019/07/26 9:58:46 AM EET;Yes;PhD;Working in industry;3;"C#;Java;Python";0;4;I read the invite on Reddit;5;4;5;Never;
103;2019/07/27 12:22:57 AM EET;Yes;Master's Degree;Student;4;"Java;Python";0;None;I read the invite on Facebook;3;3;2;Never;I often need to read code from other PhD students. The readability of the code done for academic purpose almost never improve...
104;2019/07/28 9:38:00 AM EET;Yes;Bachelor's Degree;Working in industry;4;"C++;Java;Perl";0;More than 10 projects;I read the invite on Reddit;5;5;5;For less than 25% of the changes;
105;2019/07/28 2:20:00 PM EET;Yes;PhD;Working in academia;4;"Java;JavaScript/TypeScript;Ruby";4;None;I read the invite on Facebook;5;4;4;For more than 25% and less than 50% of the changes;
106;2019/07/29 8:16:19 AM EET;Yes;Master's Degree;Working in industry;3;"C++;Python;bash";1;3;I was personally invited;5;5;2;Never;
107;2019/07/29 10:04:46 AM EET;Yes;Master's Degree;Working in industry;4;"C++;Java;Python";1;More than 10 projects;I was personally invited;5;4;3;For less than 25% of the changes;
108;2019/07/29 3:57:43 PM EET;Yes;Bachelor's Degree;"Student;Working in academia;Open-source contributor";3;"C;C++";2;None;I was personally invited;5;5;5;For more than 25% and less than 50% of the changes;
109;2019/07/30 10:56:50 AM EET;Yes;Bachelor's Degree;Student;3;"C#;Java";3;1;I was personally invited;4;4;4;Never;
110;2019/07/31 11:23:50 PM EET;Yes;Bachelor's Degree;"Student;Working in academia";5;"Java;JavaScript/TypeScript;Python";2;6;I was personally invited;5;4;5;For more than 25% and less than 50% of the changes;
111;2019/08/02 10:36:45 AM EET;Yes;Bachelor's Degree;"Student;Working in industry";4;"Java;JavaScript/TypeScript;PHP";2;4;I was personally invited;4;3;3;For more than 50% and less than 75% of the changes;
112;2019/08/02 10:41:26 AM EET;Yes;Bachelor's Degree;Working in industry;4;"Java;JavaScript/TypeScript;React";1;2;I was personally invited;5;5;3;For more than 50% and less than 75% of the changes;
113;2019/08/02 10:44:49 AM EET;Yes;Bachelor's Degree;Working in industry;3;"Java;JavaScript/TypeScript;PHP";1;1;I was personally invited;4;3;4;For more than 25% and less than 50% of the changes;
114;2019/08/02 10:54:38 AM EET;Yes;High School Degree;Working in industry;4;"C;Java;JavaScript/TypeScript";0;2;I was personally invited;3;3;3;For less than 25% of the changes;
115;2019/08/06 10:39:29 AM EET;Yes;Master's Degree;Working in industry;3;"C#;Java;JavaScript/TypeScript";0;3;I was personally invited;5;5;4;For more than 25% and less than 50% of the changes;
116;2019/08/06 10:48:33 AM EET;Yes;PhD;"Working in industry;Open-source contributor";5;"C++;SAP ABAP, Smalltalk";2;More than 10 projects;I read the invite on Twitter;4;4;4;For more than 25% and less than 50% of the changes;I regard the readable of test code be more important than the readability of code.
117;2019/08/06 1:36:21 PM EET;Yes;Master's Degree;Working in industry;4;"Java;Python";1;6;I read the invite on Twitter;5;5;4;For more than 25% and less than 50% of the changes;
118;2019/08/06 4:46:54 PM EET;Yes;High School Degree;Student;3;"C;Java";0;None;I was personally invited;5;5;4;For more than 50% and less than 75% of the changes;
119;2019/08/12 11:10:14 PM EET;Yes;PhD;Working in academia;4;"Java;Haskell, Rascal";3;5;I read the invite on Twitter;4;4;4;For more than 25% and less than 50% of the changes;
120;2019/08/22 2:01:17 PM EET;Yes;Bachelor's Degree;Working in industry;4;"C;C++;C#";4;2;I was personally invited;4;4;4;For more than 25% and less than 50% of the changes;
121;2019/08/27 3:56:39 PM EET;Yes;PhD;Working in academia;5;"Java;R, and BASH";3;None;I was personally invited;5;4;4;For less than 25% of the changes;
122;2019/08/29 1:41:43 PM EET;Yes;PhD;Working in academia;4;"C++;PHP;Python";More than 10 projects;More than 10 projects;I was personally invited;5;5;3;For more than 50% and less than 75% of the changes;