"","Participation","Education","Occupation","Programming_experience","Programming_languages","Open_source_projects","Industrial_projects","Survey_collocation","Code_readability_in_writing_code","Impact_of_the_change_on_code_readability","Changes_to_improve_code_readability","Frequence_of_a_big_change_in_code_readability","Additional_comments"
"1","Yes","Master's Degree","Phd student",3,"Java;Python;R","0","0","I was personally invited",5,5,5,"For more than 50% and less than 75% of the changes","I appreciate the attention I give to code readability when I check out old code and I can still understand what it does. In my opinion, a good naming for a method and a clear (sometimes redundant) writing help in maintaining software."
"2","Yes","Bachelor's Degree","Working in industry;Open-source contributor",4,"Java;JavaScript/TypeScript;PHP","3","6","I was personally invited",3,4,4,"For less than 25% of the changes",""
"3","Yes","High School Degree","Working in industry",2,"JavaScript/TypeScript","0","3","I was personally invited",4,4,4,"For less than 25% of the changes",""
"4","Yes","PhD","Student",3,"Python;Bash, Matlab","1","3","I was personally invited",4,4,4,"For more than 50% and less than 75% of the changes",""
"5","Yes","Bachelor's Degree","Student",4,"JavaScript/TypeScript;PHP","1","2","I was personally invited",1,3,4,"For less than 25% of the changes",""
"6","Yes","Master's Degree","Student",3,"Java","0","0","I was personally invited",5,5,5,"For more than 50% and less than 75% of the changes",""
"7","Yes","PhD","Working in academia",4,"C;Java;Python","9","2","I was personally invited",5,3,3,"For less than 25% of the changes",""
"8","Yes","Master's Degree","Student",3,"C#;Java;Python","5","11","I read the invite on Twitter",4,4,3,"For less than 25% of the changes",""
"9","Yes","High School Degree","Student",3,"C;JavaScript/TypeScript;PHP","2","0","I was personally invited",4,5,3,"For more than 50% and less than 75% of the changes",""
"10","Yes","Bachelor's Degree","Student",4,"C;Java;PHP","0","0","I was personally invited",3,3,4,"For less than 25% of the changes",""
"11","Yes","Master's Degree","Student",3,"Java","1","0","I was personally invited",4,2,3,"For more than 50% and less than 75% of the changes",""
"12","Yes","High School Degree","Student",2,"Java;Python","0","2","I read the invite on Reddit",3,4,3,"For less than 25% of the changes",""
"13","Yes","PhD","Working in academia",3,"C++;Java;PHP","2","3","I was personally invited",3,3,3,"For more than 25% and less than 50% of the changes",""
"14","Yes","Bachelor's Degree","Working in industry",3,"C#;JavaScript/TypeScript","0","1","I read the invite on Reddit",4,3,5,"For less than 25% of the changes",""
"15","Yes","Bachelor's Degree","Working in industry;Open-source contributor",4,"C;C++;Python","2","8","I read the invite on Reddit",5,5,5,"For more than 25% and less than 50% of the changes",""
"16","Yes","Master's Degree","Working in industry",2,"C;C++;Java","0","2","I was personally invited",4,3,2,"For more than 25% and less than 50% of the changes",""
"17","Yes","High School Degree","Working in industry",3,"C++;C#;Powershell","0","10","I read the invite on Reddit",4,4,3,"For less than 25% of the changes",""
"18","Yes","Bachelor's Degree","Working in industry;Open-source contributor",2,"C#;Java;Python","2","4","I read the invite on Reddit",4,2,5,"For more than 25% and less than 50% of the changes",""
"19","Yes","Bachelor's Degree","Student",3,"C;Java;JavaScript/TypeScript","0","0","I was personally invited",4,4,2,"For less than 25% of the changes",""
"20","Yes","Master's Degree","Working in industry",4,"Java;Python","0","8","I read the invite on Reddit",5,4,4,"For more than 50% and less than 75% of the changes",""
"21","Yes","Master's Degree","Working in industry;Open-source contributor",2,"C++;JavaScript/TypeScript;Python","1","2","I read the invite on Reddit",4,4,2,"For less than 25% of the changes",""
"22","Yes","Master's Degree","Working in industry",2,"JavaScript/TypeScript","0","10","I read the invite on Reddit",3,3,4,"For less than 25% of the changes",""
"23","Yes","Bachelor's Degree","Working in industry",2,"Java;Python;Scala","0","5","I read the invite on Reddit",4,4,4,"For less than 25% of the changes",""
"24","Yes","Master's Degree","Student;Working in industry",3,"Java;JavaScript/TypeScript","0","3","I read the invite on Reddit",5,5,4,"For more than 75% of the changes",""
"25","Yes","Master's Degree","Student",3,"Python","0","0","I was personally invited",4,4,4,"For less than 25% of the changes",""
"26","Yes","Bachelor's Degree","Working in industry",3,"Java;JavaScript/TypeScript","0","1","I was personally invited",5,4,4,"For more than 25% and less than 50% of the changes",""
"27","Yes","Bachelor's Degree","Working in industry",4,"Java;JavaScript/TypeScript;PHP","5","11","I was personally invited",5,5,5,"For more than 50% and less than 75% of the changes",""
"28","Yes","High School Degree","Working in industry",3,"C++;Python","0","7","I read the invite on Reddit",5,5,4,"For less than 25% of the changes",""
"29","Yes","High School Degree","Working in industry",5,"JavaScript/TypeScript;PHP","2","11","I was personally invited",4,4,3,"For less than 25% of the changes",""
"30","Yes","PhD","Working in industry;Working in academia",5,"Java;Python","0","7","I read the invite on Twitter",5,5,4,"For more than 50% and less than 75% of the changes",""
"31","Yes","Bachelor's Degree","Working in industry",2,"Dart/Flutter","0","1","I read the invite on Reddit",3,4,3,"Never",""
"32","Yes","Bachelor's Degree","Working in industry",4,"C++;Java;Python","0","11","I read the invite on Reddit",5,5,4,"For more than 25% and less than 50% of the changes",""
"33","Yes","Bachelor's Degree","Student",3,"Java;PHP;Swift","0","0","I read the invite on Reddit",5,3,5,"For more than 25% and less than 50% of the changes",""
"34","Yes","Bachelor's Degree","Student;Working in industry",4,"Java;Groovy","0","5","I read the invite on Reddit",5,4,4,"For more than 25% and less than 50% of the changes",""
"35","Yes","Bachelor's Degree","Working in industry",3,"C#;JavaScript/TypeScript","1","6","I read the invite on Reddit",5,3,2,"For more than 25% and less than 50% of the changes",""
"36","Yes","Master's Degree","Working in industry",4,"C++;C#;Java","0","11","I read the invite on Twitter",4,5,4,"For less than 25% of the changes",""
"37","Yes","Master's Degree","Student;Working in academia;Open-source contributor",3,"Java;PHP","6","1","I read the invite on Twitter",4,4,4,"For less than 25% of the changes",""
"38","Yes","Master's Degree","Student",4,"C;Java;Python","1","3","I was personally invited",3,4,3,"For less than 25% of the changes",""
"39","Yes","Master's Degree","Student",3,"Java;JavaScript/TypeScript","2","1","I was personally invited",4,4,4,"For less than 25% of the changes",""
"40","Yes","High School Degree","Student",3,"Java;JavaScript/TypeScript;Kotlin","0","2","I read the invite on Reddit",5,5,4,"For less than 25% of the changes",""
"41","Yes","PhD","Working in industry",4,"C++;Python","7","11","I was personally invited",5,4,3,"For less than 25% of the changes",""
"42","Yes","Master's Degree","Student;Working in industry;Working in academia;Open-source contributor",4,"C++;Python","4","2","I read the invite on Twitter",4,5,3,"For more than 50% and less than 75% of the changes","Interested in results, please send: szalayrichard@inf.elte.hu"
"43","Yes","Master's Degree","Student",4,"Java;JavaScript/TypeScript;PHP","0","0","I was personally invited",3,4,2,"Never",""
"44","Yes","Master's Degree","Working in industry",4,"Java;JavaScript/TypeScript;PHP","0","2","I read the invite on Reddit",5,5,5,"For less than 25% of the changes",""
"45","Yes","Master's Degree","Student",5,"Java;JavaScript/TypeScript;PHP","11","3","I was personally invited",4,4,4,"For more than 50% and less than 75% of the changes",""
"46","Yes","Master's Degree","Working in academia",4,"Java;Python","0","2","I was personally invited",4,3,3,"For less than 25% of the changes",""
"47","Yes","Master's Degree","Student",4,"PHP;Python;R, MATLAB","1","11","I was personally invited",5,3,5,"For more than 50% and less than 75% of the changes",""
"48","Yes","Master's Degree","Student",3,"Python","0","0","I was personally invited",2,2,2,"For more than 25% and less than 50% of the changes",""
"49","Yes","PhD","Working in academia",5,"C++;Python","0","3","I was personally invited",5,5,3,"For more than 50% and less than 75% of the changes",""
"50","Yes","PhD","Working in academia",3,"Python","0","0","I was personally invited",2,2,2,"For less than 25% of the changes",""
"51","Yes","Master's Degree","Working in academia",3,"Java;Python;R","0","0","I was personally invited",3,3,3,"For more than 50% and less than 75% of the changes",""
"52","Yes","Master's Degree","Student",3,"C++;Python;R","1","0","I was personally invited",3,2,2,"For less than 25% of the changes",""
"53","Yes","Master's Degree","Working in industry",3,"SQL, XLM, Batch, Linguaggi proprietari (SAP o Microsoft)","0","2","I was personally invited",4,4,4,"For less than 25% of the changes",""
"54","Yes","PhD","Working in industry;Working in academia",5,"C++;Java;Smalltalk","4","3","I read the invite on Facebook",5,5,4,"For more than 25% and less than 50% of the changes",""
"55","Yes","Master's Degree","Working in industry;Working in academia",5,"C;Java;JavaScript/TypeScript","1","11","I was personally invited",5,5,3,"For less than 25% of the changes",""
"56","Yes","PhD","Working in industry",5,"Java;Scala","4","11","I read the invite on Twitter",5,5,5,"For less than 25% of the changes","The last question is unclear."
"57","Yes","Master's Degree","Working in industry",3,"Java;Python","0","4","I read the invite on Facebook",5,4,4,"For less than 25% of the changes",""
"58","Yes","Master's Degree","Working in industry;Working in academia",5,"C++;PHP;Python","0","11","I was personally invited",3,3,3,"For less than 25% of the changes",""
"59","Yes","Master's Degree","Student",3,"Java","5","0","I was personally invited",4,4,4,"For more than 25% and less than 50% of the changes",""
"60","Yes","PhD","Working in academia",4,"Java;Python","0","1","I was personally invited",4,4,2,"For less than 25% of the changes",""
"61","Yes","Master's Degree","Working in industry",3,"C#;Java;Lasal","0","11","I read the invite on Facebook",4,4,4,"For less than 25% of the changes",""
"62","Yes","PhD","Working in academia",4,"Java;Python","4","0","I was personally invited",3,4,3,"For less than 25% of the changes",""
"63","Yes","Master's Degree","Student",2,"C;Java","0","0","I was personally invited",4,3,5,"For less than 25% of the changes",""
"64","Yes","Master's Degree","Working in academia",3,"Java;Swift","6","6","I was personally invited",5,5,3,"For less than 25% of the changes",""
"65","Yes","PhD","Working in industry;Working in academia",2,"Java;Python","1","11","I read the invite on Facebook",5,4,4,"For less than 25% of the changes",""
"66","Yes","Bachelor's Degree","Student",4,"Java;PHP;Python","1","0","I was personally invited",4,5,4,"For more than 25% and less than 50% of the changes",""
"67","Yes","Bachelor's Degree","Student;Working in industry",4,"C;Python","1","2","I was personally invited",4,3,5,"For more than 25% and less than 50% of the changes",""
"68","Yes","Bachelor's Degree","Student",3,"C#;Java;JavaScript/TypeScript","0","0","I read the invite on Facebook",4,4,3,"For more than 25% and less than 50% of the changes",""
"69","Yes","Bachelor's Degree","Working in industry",3,"Java;PLSQL","0","5","I was personally invited",4,3,3,"For more than 25% and less than 50% of the changes",""
"70","Yes","Master's Degree","Student;Working in industry;Working in academia",5,"C++;Java;Python","5","11","I was personally invited",5,5,4,"For less than 25% of the changes",""
"71","Yes","Master's Degree","Student",5,"PHP;Python","5","1","I was personally invited",4,4,5,"For more than 50% and less than 75% of the changes",""
"72","Yes","Bachelor's Degree","Student",2,"Java;JavaScript/TypeScript;PHP","1","0","I was personally invited",3,5,4,"For more than 25% and less than 50% of the changes",""
"73","Yes","High School Degree","Working in industry",4,"C#;JavaScript/TypeScript","0","11","I read the invite on Reddit",4,4,4,"For more than 25% and less than 50% of the changes","Readability is very important as a software engineer. I would have like to answer 5 everywhere in this survey but when you work in industry and you have to finish project on time, you often has a lack of time or ressources to do it. Refactoring is very cool for me, but lot of times i have to find balance beetween perfection and productivity. Hope this will help you ! I guess you know the book Clean code. This changed my way to code.."
"74","Yes","Master's Degree","Working in industry",2,"Java;Visual Basic","0","0","I was personally invited",5,4,4,"For less than 25% of the changes",""
"75","Yes","High School Degree","Student",3,"C;Java;Ocaml, F#","3","0","I was personally invited",4,4,3,"For more than 50% and less than 75% of the changes",""
"76","Yes","High School Degree","Student",3,"C;Java;Ocaml, F#","3","0","I was personally invited",4,4,3,"For more than 50% and less than 75% of the changes",""
"77","Yes","Master's Degree","Working in industry",3,"Python","0","4","I was personally invited",4,4,4,"For less than 25% of the changes",""
"78","Yes","High School Degree","Working in industry;Open-source contributor",4,"C++;C#;Java","2","11","I was personally invited",5,5,5,"For less than 25% of the changes",""
"79","Yes","Master's Degree","Working in industry",5,"Java;Python;ttcn-3","1","10","I was personally invited",5,5,5,"For more than 50% and less than 75% of the changes",""
"80","Yes","Bachelor's Degree","Working in industry",3,"Java;JavaScript/TypeScript;PHP","0","5","I was personally invited",5,5,5,"For more than 25% and less than 50% of the changes",""
"81","Yes","Master's Degree","In looking for occupation",3,"Java;JavaScript/TypeScript;Python","3","0","I was personally invited",5,4,4,"For more than 75% of the changes",""
"82","Yes","Master's Degree","Working in industry",3,"C++;Java","2","11","I was personally invited",5,5,5,"For more than 25% and less than 50% of the changes",""
"83","Yes","Master's Degree","Working in industry",3,"C;C++;Python","2","2","I was personally invited",4,4,3,"For less than 25% of the changes",""
"84","Yes","PhD","Working in academia",4,"C;C++;Java","5","2","I was personally invited",5,4,5,"For more than 50% and less than 75% of the changes",""
"85","Yes","Master's Degree","Working in academia",3,"C;C++","0","11","I read the invite on Twitter",5,5,3,"For less than 25% of the changes","1. In the previous question I did not count an improvement of the readability by switching to model-driven development, where I consider (good) models more readable than the code. "
"86","Yes","PhD","Working in academia;Open-source contributor",3,"C;Java","7","5","I read the invite on Twitter",5,5,3,"For less than 25% of the changes",""
"87","Yes","Bachelor's Degree","Open-source contributor",3,"C;C++","1","1","I was personally invited",4,4,3,"Never",""
"88","Yes","Bachelor's Degree","Student",3,"Python","0","0","I read the invite on Facebook",4,4,4,"Never",""
"89","Yes","Master's Degree","Student",4,"C","0","0","I was personally invited",4,4,4,"For more than 25% and less than 50% of the changes",""
"90","Yes","PhD","Working in academia",3,"Java;JavaScript/TypeScript;Python","2","0","I read the invite on Facebook",4,4,3,"For less than 25% of the changes",""
"91","Yes","Master's Degree","Working in industry",3,"C;C#","0","1","I was personally invited",3,3,4,"For more than 50% and less than 75% of the changes",""
"92","Yes","Master's Degree","Working in industry",3,"Python;Scratch","1","2","I read the invite on Facebook",4,4,4,"For more than 25% and less than 50% of the changes",""
"93","Yes","Bachelor's Degree","Working in industry",3,"C#;JavaScript/TypeScript;PHP","0","0","I read the invite on Reddit",3,4,4,"For less than 25% of the changes",""
"94","Yes","Master's Degree","Working in industry",1,"Python","1","3","I read the invite on Facebook",4,5,2,"For less than 25% of the changes",""
"95","Yes","High School Degree","Working in academia",3,"C;C++","0","0","I was personally invited",4,3,2,"Never",""
"96","Yes","Bachelor's Degree","Working in industry",2,"JavaScript/TypeScript;PHP;Python","0","2","I was personally invited",4,4,5,"For more than 25% and less than 50% of the changes",""
"97","Yes","Master's Degree","Student",4,"Java","4","0","I was personally invited",4,5,3,"For more than 75% of the changes",""
"98","Yes","Bachelor's Degree","Working in industry",4,"JavaScript/TypeScript;PHP;Python","2","2","I was personally invited",3,4,4,"For more than 25% and less than 50% of the changes",""
"99","Yes","Bachelor's Degree","Working in industry",4,"Python;Swift","2","11","I was personally invited",5,5,5,"For more than 50% and less than 75% of the changes",""
"100","Yes","Bachelor's Degree","Working in industry",4,"C;C#","0","3","I read the invite on Reddit",5,4,2,"For more than 25% and less than 50% of the changes",""
"101","Yes","Master's Degree","Working in industry",3,"Go;Java;Python","1","1","I was personally invited",5,3,5,"For less than 25% of the changes",""
"102","Yes","PhD","Working in industry",3,"C#;Java;Python","0","4","I read the invite on Reddit",5,4,5,"Never",""
"103","Yes","Master's Degree","Student",4,"Java;Python","0","0","I read the invite on Facebook",3,3,2,"Never","I often need to read code from other PhD students. The readability of the code done for academic purpose almost never improve..."
"104","Yes","Bachelor's Degree","Working in industry",4,"C++;Java;Perl","0","11","I read the invite on Reddit",5,5,5,"For less than 25% of the changes",""
"105","Yes","PhD","Working in academia",4,"Java;JavaScript/TypeScript;Ruby","4","0","I read the invite on Facebook",5,4,4,"For more than 25% and less than 50% of the changes",""
"106","Yes","Master's Degree","Working in industry",3,"C++;Python;bash","1","3","I was personally invited",5,5,2,"Never",""
"107","Yes","Master's Degree","Working in industry",4,"C++;Java;Python","1","11","I was personally invited",5,4,3,"For less than 25% of the changes",""
"108","Yes","Bachelor's Degree","Student;Working in academia;Open-source contributor",3,"C;C++","2","0","I was personally invited",5,5,5,"For more than 25% and less than 50% of the changes",""
"109","Yes","Bachelor's Degree","Student",3,"C#;Java","3","1","I was personally invited",4,4,4,"Never",""
"110","Yes","Bachelor's Degree","Student;Working in academia",5,"Java;JavaScript/TypeScript;Python","2","6","I was personally invited",5,4,5,"For more than 25% and less than 50% of the changes",""
"111","Yes","Bachelor's Degree","Student;Working in industry",4,"Java;JavaScript/TypeScript;PHP","2","4","I was personally invited",4,3,3,"For more than 50% and less than 75% of the changes",""
"112","Yes","Bachelor's Degree","Working in industry",4,"Java;JavaScript/TypeScript;React","1","2","I was personally invited",5,5,3,"For more than 50% and less than 75% of the changes",""
"114","Yes","Bachelor's Degree","Working in industry",3,"Java;JavaScript/TypeScript;PHP","1","1","I was personally invited",4,3,4,"For more than 25% and less than 50% of the changes",""
"115","Yes","High School Degree","Working in industry",4,"C;Java;JavaScript/TypeScript","0","2","I was personally invited",3,3,3,"For less than 25% of the changes",""
"116","Yes","Master's Degree","Working in industry",3,"C#;Java;JavaScript/TypeScript","0","3","I was personally invited",5,5,4,"For more than 25% and less than 50% of the changes",""
"117","Yes","PhD","Working in industry;Open-source contributor",5,"C++;SAP ABAP, Smalltalk","2","11","I read the invite on Twitter",4,4,4,"For more than 25% and less than 50% of the changes","I regard the readable of test code be more important than the readability of code."
"118","Yes","Master's Degree","Working in industry",4,"Java;Python","1","6","I read the invite on Twitter",5,5,4,"For more than 25% and less than 50% of the changes",""
"119","Yes","High School Degree","Student",3,"C;Java","0","0","I was personally invited",5,5,4,"For more than 50% and less than 75% of the changes",""
"120","Yes","PhD","Working in academia",4,"Java;Haskell, Rascal","3","5","I read the invite on Twitter",4,4,4,"For more than 25% and less than 50% of the changes",""
"121","Yes","Bachelor's Degree","Working in industry",4,"C;C++;C#","4","2","I was personally invited",4,4,4,"For more than 25% and less than 50% of the changes",""
"122","Yes","PhD","Working in academia",5,"Java;R, and BASH","3","0","I was personally invited",5,4,4,"For less than 25% of the changes",""
"123","Yes","PhD","Working in academia",4,"C++;PHP;Python","11","11","I was personally invited",5,5,3,"For more than 50% and less than 75% of the changes",""
